{"stats":{"minecraft:custom":{"minecraft:mob_kills":48,"minecraft:interact_with_crafting_table":79,"minecraft:leave_game":5,"minecraft:time_since_death":34524,"minecraft:sprint_one_cm":428357,"minecraft:walk_one_cm":723871,"minecraft:damage_blocked_by_shield":4925,"minecraft:drop":64,"minecraft:play_time":271972,"minecraft:deaths":2,"minecraft:sneak_time":23056,"minecraft:walk_under_water_one_cm":18428,"minecraft:jump":2311,"minecraft:walk_on_water_one_cm":40357,"minecraft:total_world_time":294280,"minecraft:interact_with_furnace":117,"minecraft:time_since_rest":34576,"minecraft:damage_taken":3037,"minecraft:damage_dealt":9931,"minecraft:swim_one_cm":2653,"minecraft:fly_one_cm":151459,"minecraft:open_chest":159,"minecraft:crouch_one_cm":46535,"minecraft:fish_caught":10,"minecraft:fall_one_cm":32563},"minecraft:used":{"minecraft:stone_sword":31,"minecraft:flint_and_steel":1,"minecraft:iron_shovel":252,"minecraft:stone_shovel":78,"minecraft:chest":2,"minecraft:shield":64,"minecraft:iron_sword":131,"minecraft:stone":56,"minecraft:wooden_shovel":5,"minecraft:oak_door":3,"minecraft:torch":163,"minecraft:dirt":190,"minecraft:warped_wart_block":1,"minecraft:carrot":1,"minecraft:granite":6,"minecraft:obsidian":12,"minecraft:iron_hoe":43,"minecraft:stone_brick_slab":5,"minecraft:lava_bucket":6,"minecraft:birch_sapling":7,"minecraft:stone_bricks":11,"minecraft:deepslate_diamond_ore":1,"minecraft:furnace":1,"minecraft:oak_sapling":11,"minecraft:cobbled_deepslate":258,"minecraft:wheat_seeds":1,"minecraft:water_bucket":18,"minecraft:iron_ore":1,"minecraft:cobblestone_stairs":18,"minecraft:oak_planks":9,"minecraft:stone_pickaxe":241,"minecraft:baked_potato":58,"minecraft:wooden_pickaxe":5,"minecraft:cobblestone_slab":6,"minecraft:crafting_table":2,"minecraft:deepslate_redstone_ore":1,"minecraft:oak_log":3,"minecraft:diamond_pickaxe":118,"minecraft:iron_pickaxe":1169,"minecraft:gravel":3,"minecraft:stone_axe":111,"minecraft:fishing_rod":21,"minecraft:diamond_sword":13,"minecraft:cobblestone":513,"minecraft:bucket":25,"minecraft:andesite":7},"minecraft:crafted":{"minecraft:oak_door":3,"minecraft:oak_planks":128,"minecraft:cobblestone_slab":6,"minecraft:stone_shovel":1,"minecraft:fishing_rod":1,"minecraft:furnace":1,"minecraft:cobblestone_stairs":16,"minecraft:stone":108,"minecraft:flint_and_steel":1,"minecraft:stone_brick_slab":6,"minecraft:iron_boots":1,"minecraft:iron_hoe":1,"minecraft:stone_pickaxe":2,"minecraft:chest":2,"minecraft:stone_bricks":16,"minecraft:golden_helmet":1,"minecraft:wooden_shovel":1,"minecraft:diamond_sword":1,"minecraft:crafting_table":1,"minecraft:iron_helmet":1,"minecraft:wooden_pickaxe":1,"minecraft:iron_sword":1,"minecraft:bucket":1,"minecraft:stone_axe":1,"minecraft:air":0,"minecraft:iron_chestplate":1,"minecraft:golden_apple":1,"minecraft:charcoal":18,"minecraft:diamond_pickaxe":1,"minecraft:shield":3,"minecraft:stick":60,"minecraft:iron_pickaxe":5,"minecraft:iron_ingot":124,"minecraft:stone_sword":1,"minecraft:gold_ingot":21,"minecraft:iron_shovel":1,"minecraft:iron_leggings":1,"minecraft:torch":168},"minecraft:broken":{"minecraft:iron_shovel":1,"minecraft:stone_pickaxe":1,"minecraft:shield":1,"minecraft:iron_pickaxe":4},"minecraft:killed":{"minecraft:zombified_piglin":1,"minecraft:spider":3,"minecraft:skeleton":12,"minecraft:piglin":1,"minecraft:zombie_villager":1,"minecraft:hoglin":1,"minecraft:zombie":25,"minecraft:enderman":1},"minecraft:picked_up":{"minecraft:fishing_rod":1,"minecraft:crafting_table":1,"minecraft:iron_chestplate":2,"minecraft:diamond_sword":1,"minecraft:shield":2,"minecraft:string":2,"minecraft:raw_copper":39,"minecraft:pufferfish":3,"minecraft:iron_leggings":2,"minecraft:iron_shovel":1,"minecraft:cobbled_deepslate":268,"minecraft:iron_pickaxe":9,"minecraft:sugar_cane":2,"minecraft:birch_sapling":7,"minecraft:iron_boots":3,"minecraft:golden_helmet":1,"minecraft:raw_iron":163,"minecraft:stick":18,"minecraft:oak_door":1,"minecraft:torch":79,"minecraft:bowl":1,"minecraft:porkchop":6,"minecraft:carrot":1,"minecraft:redstone":348,"minecraft:rotten_flesh":33,"minecraft:stone_sword":1,"minecraft:arrow":19,"minecraft:stone_shovel":2,"minecraft:obsidian":15,"minecraft:cod":4,"minecraft:cobblestone":815,"minecraft:birch_log":39,"minecraft:leather_chestplate":1,"minecraft:salmon":3,"minecraft:water_bucket":1,"minecraft:glow_ink_sac":9,"minecraft:andesite":7,"minecraft:leather":1,"minecraft:flint":2,"minecraft:oak_log":42,"minecraft:gunpowder":2,"minecraft:cobblestone_stairs":4,"minecraft:dirt":254,"minecraft:lapis_lazuli":204,"minecraft:bone":17,"minecraft:apple":1,"minecraft:bow":2,"minecraft:wheat_seeds":3,"minecraft:raw_gold":31,"minecraft:iron_ingot":1,"minecraft:iron_sword":3,"minecraft:warped_fungus":2,"minecraft:quartz":37,"minecraft:warped_wart_block":4,"minecraft:sand":101,"minecraft:gravel":50,"minecraft:lava_bucket":1,"minecraft:amethyst_shard":4,"minecraft:spider_eye":2,"minecraft:diamond":22,"minecraft:stone_axe":1,"minecraft:iron_helmet":1,"minecraft:granite":20,"minecraft:golden_apple":1,"minecraft:warped_roots":7,"minecraft:baked_potato":126,"minecraft:oak_sapling":11,"minecraft:netherrack":16,"minecraft:coal":189,"minecraft:diamond_pickaxe":1},"minecraft:dropped":{"minecraft:iron_sword":1,"minecraft:wheat_seeds":2,"minecraft:lapis_lazuli":84,"minecraft:warped_fungus":2,"minecraft:oak_log":1,"minecraft:baked_potato":68,"minecraft:cobblestone":1,"minecraft:warped_roots":7,"minecraft:granite":7,"minecraft:stick":1,"minecraft:torch":3,"minecraft:iron_pickaxe":2,"minecraft:fishing_rod":1,"minecraft:redstone":317,"minecraft:stone_axe":2,"minecraft:stone_sword":1,"minecraft:cobbled_deepslate":9,"minecraft:raw_copper":16,"minecraft:bowl":1,"minecraft:stone_shovel":3,"minecraft:rotten_flesh":32,"minecraft:iron_boots":1,"minecraft:wooden_shovel":1,"minecraft:spider_eye":2,"minecraft:wooden_pickaxe":1,"minecraft:warped_wart_block":3,"minecraft:quartz":1},"minecraft:killed_by":{"minecraft:enderman":1,"minecraft:skeleton":1},"minecraft:mined":{"minecraft:large_amethyst_bud":1,"minecraft:oak_sapling":1,"minecraft:deepslate_diamond_ore":18,"minecraft:oak_door":1,"minecraft:cobblestone_stairs":4,"minecraft:obsidian":15,"minecraft:granite":13,"minecraft:grass_block":145,"minecraft:redstone_ore":2,"minecraft:fire":3,"minecraft:iron_ore":83,"minecraft:cobbled_deepslate":62,"minecraft:andesite":9,"minecraft:deepslate_lapis_ore":25,"minecraft:deepslate_iron_ore":46,"minecraft:stone":687,"minecraft:deepslate_redstone_ore":70,"minecraft:amethyst_cluster":1,"minecraft:crafting_table":1,"minecraft:torch":4,"minecraft:short_grass":26,"minecraft:warped_roots":7,"minecraft:nether_quartz_ore":18,"minecraft:copper_ore":8,"minecraft:cobblestone":43,"minecraft:deepslate_gold_ore":20,"minecraft:sugar_cane":1,"minecraft:wall_torch":7,"minecraft:warped_wart_block":4,"minecraft:warped_nylium":1,"minecraft:birch_log":39,"minecraft:birch_leaves":14,"minecraft:warped_fungus":2,"minecraft:oak_log":43,"minecraft:coal_ore":189,"minecraft:sand":101,"minecraft:gravel":51,"minecraft:dirt":111,"minecraft:netherrack":7,"minecraft:gold_ore":3,"minecraft:oak_leaves":21,"minecraft:deepslate":198}},"DataVersion":3700}