{"stats":{"minecraft:custom":{"minecraft:time_since_rest":14255,"minecraft:crouch_one_cm":64,"minecraft:play_time":14255,"minecraft:sprint_one_cm":50729,"minecraft:walk_one_cm":59979,"minecraft:sneak_time":85,"minecraft:mob_kills":8,"minecraft:drop":2,"minecraft:jump":105,"minecraft:leave_game":1,"minecraft:time_since_death":14255,"minecraft:total_world_time":14255,"minecraft:fall_one_cm":1521,"minecraft:fly_one_cm":33385},"minecraft:dropped":{"minecraft:stick":2},"minecraft:mined":{"minecraft:white_terracotta":24,"minecraft:dead_bush":1,"minecraft:sand":57,"minecraft:brown_terracotta":11,"minecraft:terracotta":24,"minecraft:light_gray_terracotta":20},"minecraft:used":{"minecraft:brown_terracotta":11,"minecraft:iron_shovel":54,"minecraft:sand":57,"minecraft:terracotta":24,"minecraft:flint_and_steel":8,"minecraft:tnt":406,"minecraft:light_gray_terracotta":20,"minecraft:iron_pickaxe":79,"minecraft:white_terracotta":24},"minecraft:picked_up":{"minecraft:stick":2,"minecraft:light_gray_terracotta":20,"minecraft:brown_terracotta":11,"minecraft:sand":57,"minecraft:white_terracotta":24,"minecraft:terracotta":24},"minecraft:killed":{"minecraft:rabbit":8}},"DataVersion":3700}