{"stats":{"minecraft:used":{"minecraft:flint_and_steel":13,"minecraft:tnt":148},"minecraft:custom":{"minecraft:jump":24,"minecraft:open_chest":1,"minecraft:time_since_rest":6698,"minecraft:sprint_one_cm":5007,"minecraft:play_time":6698,"minecraft:damage_taken":30,"minecraft:time_since_death":6698,"minecraft:walk_one_cm":12561,"minecraft:sneak_time":471,"minecraft:total_world_time":6698,"minecraft:mob_kills":18,"minecraft:fly_one_cm":109125},"minecraft:killed":{"minecraft:skeleton":1,"minecraft:tropical_fish":10,"minecraft:rabbit":6,"minecraft:zombie":1}},"DataVersion":3700}