{"stats":{"minecraft:custom":{"minecraft:time_since_rest":7227,"minecraft:play_time":7227,"minecraft:sprint_one_cm":17354,"minecraft:damage_taken":80,"minecraft:walk_one_cm":10546,"minecraft:sneak_time":5,"minecraft:walk_under_water_one_cm":1905,"minecraft:jump":289,"minecraft:damage_dealt":10,"minecraft:leave_game":1,"minecraft:time_since_death":7227,"minecraft:walk_on_water_one_cm":729,"minecraft:total_world_time":7227,"minecraft:swim_one_cm":2157,"minecraft:fall_one_cm":7573,"minecraft:fly_one_cm":49864},"minecraft:mined":{"minecraft:grass":87,"minecraft:acacia_log":4,"minecraft:grass_block":3,"minecraft:glass_pane":1,"minecraft:dirt":1,"minecraft:tall_grass":11,"minecraft:orange_bed":1},"minecraft:used":{"minecraft:dirt":1,"minecraft:acacia_log":4},"minecraft:picked_up":{"minecraft:wheat_seeds":8,"minecraft:acacia_log":4,"minecraft:dirt":4}},"DataVersion":3465}